title,original_price,sale_price,upper,ground,len_score,foot_score,weight(g),image_url,url,silo_x,brand,silo_y,silo_kor,position1,position2,position3,feature
나이키 더 프리미어 III FG ,129000,79000,"소가죽, 합성가죽",천연잔디,3.0,2.0,251,https://www.crazy11.co.kr/shopimages/winv007/001004002954.jpg?1740624459,https://www.crazy11.co.kr/shop/shopdetail.html?branduid=806910&xcode=257&mcode=001&scode=005&type=Y&sort=order&cur_code=257&search=&GfDT=aGp3Ug%3D%3D,프리미어,NIKE,premier,프리미어,,,,power
나이키 줌 머큐리얼 베이퍼 15 MDS 아카데미 FGMG ,109000,49000,합성가죽,"천연잔디, 인조잔디, 맨땅",3.0,2.0,,https://www.crazy11.co.kr/shopimages/winv007/001004002896.jpg?1740624496,https://www.crazy11.co.kr/shop/shopdetail.html?branduid=805770&xcode=257&mcode=001&scode=001&type=Y&sort=order&cur_code=257&search=&GfDT=bm93Ulo%3D,머큐리얼,NIKE,mercurial,머큐리얼,FW, MF,,speed
나이키 줌 머큐리얼 베이퍼 15 아카데미 FGMG ,109000,69000,합성가죽,"천연잔디, 인조잔디, 맨땅",3.0,2.0,222,https://www.crazy11.co.kr/shopimages/winv007/001004002986.jpg?1740624443,https://www.crazy11.co.kr/shop/shopdetail.html?branduid=807297&xcode=257&mcode=001&scode=001&type=Y&sort=order&cur_code=257&search=&GfDT=aWZ3U18%3D,머큐리얼,NIKE,mercurial,머큐리얼,FW, MF,,speed
나이키 줌 머큐리얼 베이퍼 16 MDS 아카데미 FGMG ,119000,91000,합성가죽,"천연잔디, 인조잔디, 맨땅",3.0,2.0,195,https://www.crazy11.co.kr/shopimages/winv007/001004003044.jpg?1740624378,https://www.crazy11.co.kr/shop/shopdetail.html?branduid=808761&xcode=257&mcode=001&scode=001&type=Y&sort=order&cur_code=257&search=&GfDT=Z2V6,머큐리얼,NIKE,mercurial,머큐리얼,FW, MF,,speed
나이키 줌 머큐리얼 베이퍼 16 아카데미 FGMG ,109000,83000,합성가죽,"천연잔디, 인조잔디, 맨땅",3.0,2.0,195,https://www.crazy11.co.kr/shopimages/winv007/001004003051.jpg?1740624365,https://www.crazy11.co.kr/shop/shopdetail.html?branduid=809074&xcode=257&mcode=001&scode=001&type=Y&sort=order&cur_code=257&search=&GfDT=aW53U1k%3D,머큐리얼,NIKE,mercurial,머큐리얼,FW, MF,,speed
나이키 줌 머큐리얼 베이퍼 16 아카데미 HG ,109000,81000,합성가죽,맨땅,3.0,3.0,207,https://www.crazy11.co.kr/shopimages/winv007/001004003052.jpg?1740624354,https://www.crazy11.co.kr/shop/shopdetail.html?branduid=809075&xcode=257&mcode=001&scode=001&type=Y&sort=order&cur_code=257&search=&GfDT=bWV%2FVw%3D%3D,머큐리얼,NIKE,mercurial,머큐리얼,FW, MF,,speed
나이키 줌 머큐리얼 베이퍼 16 아카데미 KM FGMG 킬리안 음바페 ,119000,79000,합성가죽,"천연잔디, 인조잔디, 맨땅",3.0,2.0,195,https://www.crazy11.co.kr/shopimages/winv007/001004003025.jpg?1740624407,https://www.crazy11.co.kr/shop/shopdetail.html?branduid=808190&xcode=257&mcode=001&scode=001&type=Y&sort=order&cur_code=257&search=&GfDT=aW13U1o%3D,머큐리얼,NIKE,mercurial,머큐리얼,FW, MF,,speed
나이키 줌 머큐리얼 베이퍼 16 엘리트 AG-PRO  ,299000,299000,합성가죽,인조잔디,3.0,3.0,160,https://www.crazy11.co.kr/shopimages/winv007/001004003053.jpg?1740624356,https://www.crazy11.co.kr/shop/shopdetail.html?branduid=809133&xcode=257&mcode=001&scode=001&type=Y&sort=order&cur_code=257&search=&GfDT=amx3U18%3D,머큐리얼,NIKE,mercurial,머큐리얼,FW, MF,,speed
나이키 줌 머큐리얼 베이퍼 16 엘리트 FG  ,299000,299000,합성가죽,천연잔디,3.0,3.0,166,https://www.crazy11.co.kr/shopimages/winv007/001004003046.jpg?1740624364,https://www.crazy11.co.kr/shop/shopdetail.html?branduid=809031&xcode=257&mcode=001&scode=001&type=Y&sort=order&cur_code=257&search=&GfDT=bm56W15G,머큐리얼,NIKE,mercurial,머큐리얼,FW, MF,,speed
나이키 줌 머큐리얼 베이퍼 16 엘리트 FG NU1  ,309000,309000,합성가죽,천연잔디,3.0,3.0,166,https://www.crazy11.co.kr/shopimages/winv007/001004003063.jpg?1740624335,https://www.crazy11.co.kr/shop/shopdetail.html?branduid=809386&xcode=257&mcode=001&scode=001&type=Y&sort=order&cur_code=257&search=&GfDT=bm93UA%3D%3D,머큐리얼,NIKE,mercurial,머큐리얼,FW, MF,,speed
나이키 줌 머큐리얼 수퍼플라이 10 엘리트 FG  ,329000,329000,합성가죽,천연잔디,3.0,3.0,169,https://www.crazy11.co.kr/shopimages/winv007/001004003045.jpg?1740624364,https://www.crazy11.co.kr/shop/shopdetail.html?branduid=809030&xcode=257&mcode=001&scode=001&type=Y&sort=order&cur_code=257&search=&GfDT=bGh3U10%3D,머큐리얼,NIKE,mercurial,머큐리얼,FW, MF,,speed
나이키 줌 머큐리얼 수퍼플라이 10 엘리트 FG NU1  ,339000,339000,합성가죽,천연잔디,3.0,3.0,169,https://www.crazy11.co.kr/shopimages/winv007/001004003062.jpg?1740624334,https://www.crazy11.co.kr/shop/shopdetail.html?branduid=809385&xcode=257&mcode=001&scode=001&type=Y&sort=order&cur_code=257&search=&GfDT=a213UQ%3D%3D,머큐리얼,NIKE,mercurial,머큐리얼,FW, MF,,speed
나이키 티엠포 레전드 10 아카데미 30 FGMG ,109000,79000,합성가죽,"천연잔디, 인조잔디, 맨땅",3.0,2.0,,https://www.crazy11.co.kr/shopimages/winv007/001004002958.jpg?1740624452,https://www.crazy11.co.kr/shop/shopdetail.html?branduid=807079&xcode=257&mcode=001&scode=003&type=Y&sort=order&cur_code=257&search=&GfDT=Zmp3U1s%3D,티엠포,NIKE,tiempo,티엠포, MF,,,control
나이키 티엠포 레전드 10 아카데미 FGMG ,109000,75000,합성가죽,"천연잔디, 인조잔디, 맨땅",3.0,2.0,,https://www.crazy11.co.kr/shopimages/winv007/001004003032.jpg?1740624383,https://www.crazy11.co.kr/shop/shopdetail.html?branduid=808596&xcode=257&mcode=001&scode=003&type=Y&sort=order&cur_code=257&search=&GfDT=bml1W15H,티엠포,NIKE,tiempo,티엠포, MF,,,control
나이키 티엠포 레전드 10 아카데미 HG ,109000,59000,합성가죽,맨땅,4.0,2.0,226,https://www.crazy11.co.kr/shopimages/winv007/001004002987.jpg?1740624443,https://www.crazy11.co.kr/shop/shopdetail.html?branduid=807298&xcode=257&mcode=001&scode=003&type=Y&sort=order&cur_code=257&search=&GfDT=Z2d3U14%3D,티엠포,NIKE,tiempo,티엠포, MF,,,control
나이키 티엠포 레전드 10 엘리트 AG-PRO  ,269000,219000,"합성가죽, 니트",인조잔디,4.0,2.0,192,https://www.crazy11.co.kr/shopimages/winv007/001004003034.jpg?1740624384,https://www.crazy11.co.kr/shop/shopdetail.html?branduid=808600&xcode=257&mcode=001&scode=003&type=Y&sort=order&cur_code=257&search=&GfDT=bm14W11C,티엠포,NIKE,tiempo,티엠포, MF,,,control
나이키 티엠포 레전드 10 엘리트 FG  ,269000,269000,"합성가죽, 니트",천연잔디,4.0,2.0,186,https://www.crazy11.co.kr/shopimages/winv007/001004003049.jpg?1740624365,https://www.crazy11.co.kr/shop/shopdetail.html?branduid=809071&xcode=257&mcode=001&scode=003&type=Y&sort=order&cur_code=257&search=&GfDT=bm55W15D,티엠포,NIKE,tiempo,티엠포, MF,,,control
나이키 티엠포 레전드 10 엘리트 FG AS  ,289000,189000,"합성가죽, 니트",천연잔디,4.0,2.0,186,https://www.crazy11.co.kr/shopimages/winv007/001004002966.jpg?1740624453,https://www.crazy11.co.kr/shop/shopdetail.html?branduid=807151&xcode=257&mcode=001&scode=003&type=Y&sort=order&cur_code=257&search=&GfDT=aGl3U1o%3D,티엠포,NIKE,tiempo,티엠포, MF,,,control
나이키 티엠포 레전드 10 엘리트 FG NU1  ,289000,289000,"합성가죽, 니트",천연잔디,4.0,2.0,186,https://www.crazy11.co.kr/shopimages/winv007/001004003060.jpg?1740624334,https://www.crazy11.co.kr/shop/shopdetail.html?branduid=809383&xcode=257&mcode=001&scode=003&type=Y&sort=order&cur_code=257&search=&GfDT=Z2l3Ug%3D%3D,티엠포,NIKE,tiempo,티엠포, MF,,,control
나이키 티엠포 레전드 9 엘리트 FG  ,269000,134000,"캥거루, 합성가죽",천연잔디,3.0,3.0,207,https://www.crazy11.co.kr/shopimages/winv007/001004002851.jpg?1740624500,https://www.crazy11.co.kr/shop/shopdetail.html?branduid=805113&xcode=257&mcode=001&scode=003&type=Y&sort=order&cur_code=257&search=&GfDT=Zmx3UF8%3D,티엠포,NIKE,tiempo,티엠포, MF,,,control
나이키 팬텀 GX II 아카데미 FGMG ,99000,69000,합성가죽,"천연잔디, 인조잔디, 맨땅",4.0,2.0,220,https://www.crazy11.co.kr/shopimages/winv007/001004002937.jpg?1740624473,https://www.crazy11.co.kr/shop/shopdetail.html?branduid=806395&xcode=257&mcode=001&scode=002&type=Y&sort=order&cur_code=257&search=&GfDT=amp3U1U%3D,팬텀,NIKE,phantom,팬텀,FW, MF,,control
나이키 팬텀 GX II 아카데미 FGMG EH ,119000,89000,합성가죽,"천연잔디, 인조잔디, 맨땅",4.0,2.0,,https://www.crazy11.co.kr/shopimages/winv007/001004003058.jpg?1740624347,https://www.crazy11.co.kr/shop/shopdetail.html?branduid=809179&xcode=257&mcode=001&scode=002&type=Y&sort=order&cur_code=257&search=&GfDT=bW13U18%3D,팬텀,NIKE,phantom,팬텀,FW, MF,,control
나이키 팬텀 GX II 아카데미 HG,109000,81000,합성가죽,맨땅,4.0,2.0,225,https://www.crazy11.co.kr/shopimages/winv007/001004003057.jpg?1740624358,https://www.crazy11.co.kr/shop/shopdetail.html?branduid=809166&xcode=257&mcode=001&scode=002&type=Y&sort=order&cur_code=257&search=&GfDT=bm19W11B,팬텀,NIKE,phantom,팬텀,FW, MF,,control
나이키 팬텀 GX II 아카데미 HG ,109000,49000,합성가죽,맨땅,4.0,2.0,225,https://www.crazy11.co.kr/shopimages/winv007/001004002982.jpg?1740624442,https://www.crazy11.co.kr/shop/shopdetail.html?branduid=807291&xcode=257&mcode=001&scode=002&type=Y&sort=order&cur_code=257&search=&GfDT=bGt3U1g%3D,팬텀,NIKE,phantom,팬텀,FW, MF,,control
나이키 팬텀 GX II 아카데미 MG ,109000,69000,합성가죽,"천연잔디, 인조잔디, 맨땅",3.0,3.0,194,https://www.crazy11.co.kr/shopimages/winv007/001004002992.jpg?1740624443,https://www.crazy11.co.kr/shop/shopdetail.html?branduid=807370&xcode=257&mcode=001&scode=002&type=Y&sort=order&cur_code=257&search=&GfDT=a2p3U10%3D,팬텀,NIKE,phantom,팬텀,FW, MF,,control
나이키 팬텀 GX II 엘리트 AG-PRO  ,299000,299000,"합성가죽, 니트",인조잔디,4.0,4.0,180,https://www.crazy11.co.kr/shopimages/winv007/001004003054.jpg?1740624357,https://www.crazy11.co.kr/shop/shopdetail.html?branduid=809141&xcode=257&mcode=001&scode=002&type=Y&sort=order&cur_code=257&search=&GfDT=bGx3UFs%3D,팬텀,NIKE,phantom,팬텀,FW, MF,,control
나이키 팬텀 GX II 엘리트 FG  ,299000,299000,"합성가죽, 니트",천연잔디,4.0,3.0,184,https://www.crazy11.co.kr/shopimages/winv007/001004003056.jpg?1740624357,https://www.crazy11.co.kr/shop/shopdetail.html?branduid=809164&xcode=257&mcode=001&scode=002&type=Y&sort=order&cur_code=257&search=&GfDT=bmd3UFo%3D,팬텀,NIKE,phantom,팬텀,FW, MF,,control
나이키 팬텀 GX II 엘리트 FG EH  ,309000,309000,"합성가죽, 니트",천연잔디,4.0,3.0,184,https://www.crazy11.co.kr/shopimages/winv007/001004003059.jpg?1740624348,https://www.crazy11.co.kr/shop/shopdetail.html?branduid=809180&xcode=257&mcode=001&scode=002&type=Y&sort=order&cur_code=257&search=&GfDT=bWx3U14%3D,팬텀,NIKE,phantom,팬텀,FW, MF,,control
나이키 팬텀 GX II 엘리트 FG NU1  ,309000,309000,"합성가죽, 니트",천연잔디,4.0,3.0,184,https://www.crazy11.co.kr/shopimages/winv007/001004003061.jpg?1740624334,https://www.crazy11.co.kr/shop/shopdetail.html?branduid=809384&xcode=257&mcode=001&scode=002&type=Y&sort=order&cur_code=257&search=&GfDT=aGx3Uw%3D%3D,팬텀,NIKE,phantom,팬텀,FW, MF,,control
나이키 팬텀 GX 아카데미 FGMG ,99000,49000,합성가죽,"천연잔디, 인조잔디, 맨땅",3.0,1.0,220,https://www.crazy11.co.kr/shopimages/winv007/001004002881.jpg?1740624494,https://www.crazy11.co.kr/shop/shopdetail.html?branduid=805555&xcode=257&mcode=001&scode=002&type=Y&sort=order&cur_code=257&search=&GfDT=bm16W1g%3D,팬텀,NIKE,phantom,팬텀,FW, MF,,control
나이키 팬텀 루나 II 아카데미 MG ,129000,79000,합성가죽,"천연잔디, 인조잔디, 맨땅",3.0,2.0,196,https://www.crazy11.co.kr/shopimages/winv007/001004002995.jpg?1740624444,https://www.crazy11.co.kr/shop/shopdetail.html?branduid=807373&xcode=257&mcode=001&scode=002&type=Y&sort=order&cur_code=257&search=&GfDT=aG93UFU%3D,팬텀,NIKE,phantom,팬텀,FW, MF,,control
나이키 팬텀 루나 II 엘리트 FG  ,329000,329000,"합성가죽, 니트",천연잔디,4.0,4.0,190,https://www.crazy11.co.kr/shopimages/winv007/001004003055.jpg?1740624357,https://www.crazy11.co.kr/shop/shopdetail.html?branduid=809142&xcode=257&mcode=001&scode=002&type=Y&sort=order&cur_code=257&search=&GfDT=bml3UFU%3D,팬텀,NIKE,phantom,팬텀,FW, MF,,control
나이키 팬텀 루나 엘리트 FG  ,329000,169000,"인조가죽, 합성가죽, 니트",천연잔디,3.0,1.0,208,https://www.crazy11.co.kr/shopimages/winv007/001004002903.jpg?1740624496,https://www.crazy11.co.kr/shop/shopdetail.html?branduid=805850&xcode=257&mcode=001&scode=002&type=Y&sort=order&cur_code=257&search=&GfDT=a2x3U1Q%3D,팬텀,NIKE,phantom,팬텀,FW, MF,,control
미즈노 모나르시다 네오 III SW MD ,159000,119000,인조가죽,"천연잔디, 인조잔디, 맨땅",2.0,4.0,220,https://www.crazy11.co.kr/shopimages/winv007/001002001022.jpg?1740624467,https://www.crazy11.co.kr/shop/shopdetail.html?branduid=806802&xcode=257&mcode=003&scode=002&type=Y&sort=order&cur_code=257&search=&GfDT=bm19W11A,모나르시다,mizuno,monarcida,모나르시다, MF, DF,,comfortable
미즈노 모나르시다 네오 III 엘리트 MD ,209000,159000,"캥거루, 인조가죽","천연잔디, 인조잔디, 맨땅",2.0,3.0,166,https://www.crazy11.co.kr/shopimages/winv007/001002001075.jpg?1740624327,https://www.crazy11.co.kr/shop/shopdetail.html?branduid=809564&xcode=257&mcode=003&scode=002&type=Y&sort=order&cur_code=257&search=&GfDT=bGt3UFw%3D,모나르시다,mizuno,monarcida,모나르시다, MF, DF,,comfortable
미즈노 모나르시다 네오 셀렉트 III AG ,99000,69000,인조가죽,인조잔디,2.0,4.0,190,https://www.crazy11.co.kr/shopimages/winv007/001002001033.jpg?1740624422,https://www.crazy11.co.kr/shop/shopdetail.html?branduid=807954&xcode=257&mcode=003&scode=002&type=Y&sort=order&cur_code=257&search=&GfDT=bG13UFQ%3D,모나르시다,mizuno,monarcida,모나르시다, MF, DF,,comfortable
미즈노 모나르시다 네오 셀렉트 III AG 와이드 ,99000,79000,인조가죽,인조잔디,2.0,3.0,223,https://www.crazy11.co.kr/shopimages/winv007/001002001074.jpg?1740624326,https://www.crazy11.co.kr/shop/shopdetail.html?branduid=809553&xcode=257&mcode=003&scode=002&type=Y&sort=order&cur_code=257&search=&GfDT=aWV8UA%3D%3D,모나르시다,mizuno,monarcida,모나르시다, MF, DF,,comfortable
미즈노 모나르시다 네오 셀렉트 III MD 와이드 ,99000,79000,"인조가죽, 합성가죽","천연잔디, 인조잔디, 맨땅",2.0,4.0,210,https://www.crazy11.co.kr/shopimages/winv007/001002001073.jpg?1740624326,https://www.crazy11.co.kr/shop/shopdetail.html?branduid=809552&xcode=257&mcode=003&scode=002&type=Y&sort=order&cur_code=257&search=&GfDT=bmx7W11G,모나르시다,mizuno,monarcida,모나르시다, MF, DF,,comfortable
미즈노 모렐리아 II JP  ,279000,225000,"캥거루, 인조가죽","천연잔디, 인조잔디, 맨땅",2.0,3.0,202,https://www.crazy11.co.kr/shopimages/winv007/001002001063.jpg?1740624333,https://www.crazy11.co.kr/shop/shopdetail.html?branduid=809378&xcode=257&mcode=003&scode=001&type=Y&sort=order&cur_code=257&search=&GfDT=aWx3VQ%3D%3D,모렐리아,mizuno,morelia,모렐리아,MF, DF, FW,speed
미즈노 모렐리아 II 엘리트 MD ,219000,149000,"캥거루, 인조가죽","천연잔디, 인조잔디, 맨땅",3.0,2.0,238,https://www.crazy11.co.kr/shopimages/winv007/001002001039.jpg?1740624405,https://www.crazy11.co.kr/shop/shopdetail.html?branduid=808157&xcode=257&mcode=003&scode=001&type=Y&sort=order&cur_code=257&search=&GfDT=aWZ3Ulg%3D,모렐리아,mizuno,morelia,모렐리아,MF, DF, FW,speed
미즈노 모렐리아 II 클럽 MD,99000,77000,인조가죽,"천연잔디, 인조잔디",3.0,1.0,208,https://www.crazy11.co.kr/shopimages/winv007/001002001061.jpg?1740624356,https://www.crazy11.co.kr/shop/shopdetail.html?branduid=809137&xcode=257&mcode=003&scode=001&type=Y&sort=order&cur_code=257&search=&GfDT=bm1%2BW15M,모렐리아,mizuno,morelia,모렐리아,MF, DF, FW,speed
미즈노 모렐리아 II 클럽 MD ,99000,75000,인조가죽,"천연잔디, 인조잔디",3.0,1.0,208,https://www.crazy11.co.kr/shopimages/winv007/001002001065.jpg?1740624333,https://www.crazy11.co.kr/shop/shopdetail.html?branduid=809381&xcode=257&mcode=003&scode=001&type=Y&sort=order&cur_code=257&search=&GfDT=Zm53Vg%3D%3D,모렐리아,mizuno,morelia,모렐리아,MF, DF, FW,speed
미즈노 모렐리아 II 프로 MD,179000,129000,"캥거루, 인조가죽","천연잔디, 인조잔디",2.0,2.0,,https://www.crazy11.co.kr/shopimages/winv007/001002001066.jpg?1740624335,https://www.crazy11.co.kr/shop/shopdetail.html?branduid=809404&xcode=257&mcode=003&scode=001&type=Y&sort=order&cur_code=257&search=&GfDT=bm53Vw%3D%3D,모렐리아,mizuno,morelia,모렐리아,MF, DF, FW,speed
미즈노 모렐리아 II 프로 MD ,179000,139000,"캥거루, 인조가죽","천연잔디, 인조잔디",2.0,2.0,227,https://www.crazy11.co.kr/shopimages/winv007/001002001040.jpg?1740624406,https://www.crazy11.co.kr/shop/shopdetail.html?branduid=808158&xcode=257&mcode=003&scode=001&type=Y&sort=order&cur_code=257&search=&GfDT=bmd3Ul8%3D,모렐리아,mizuno,morelia,모렐리아,MF, DF, FW,speed
미즈노 모렐리아 네오 IV JP  ,309000,253000,"캥거루, 인조가죽","천연잔디, 인조잔디, 맨땅",2.0,3.0,192,https://www.crazy11.co.kr/shopimages/winv007/001002001050.jpg?1740624376,https://www.crazy11.co.kr/shop/shopdetail.html?branduid=808662&xcode=257&mcode=003&scode=003&type=Y&sort=order&cur_code=257&search=&GfDT=bmt6W11G,모렐리아 네오,mizuno,morelia neo,모렐리아 네오,MF, FW, DF,speed
미즈노 모렐리아 네오 IV JP MD  ,309000,254000,"캥거루, 인조가죽","천연잔디, 인조잔디, 맨땅",2.0,3.0,192,https://www.crazy11.co.kr/shopimages/winv007/001002001056.jpg?1740624355,https://www.crazy11.co.kr/shop/shopdetail.html?branduid=809110&xcode=257&mcode=003&scode=003&type=Y&sort=order&cur_code=257&search=&GfDT=bm5%2BW19H,모렐리아 네오,mizuno,morelia neo,모렐리아 네오,MF, FW, DF,speed
미즈노 모렐리아 네오 IV MD  ,309000,249000,"캥거루, 인조가죽","천연잔디, 인조잔디, 맨땅",2.0,3.0,192,https://www.crazy11.co.kr/shopimages/winv007/001002001078.jpg?1741333327,https://www.crazy11.co.kr/shop/shopdetail.html?branduid=809628&xcode=257&mcode=003&scode=003&type=Y&sort=order&cur_code=257&search=&GfDT=aGl3VA%3D%3D,모렐리아 네오,mizuno,morelia neo,모렐리아 네오,MF, FW, DF,speed
미즈노 모렐리아 네오 IV 베타  ,339000,269000,"캥거루, 인조가죽, 합성가죽","천연잔디, 인조잔디, 맨땅",2.0,2.0,190,https://www.crazy11.co.kr/shopimages/winv007/001002001077.jpg?1741332027,https://www.crazy11.co.kr/shop/shopdetail.html?branduid=809627&xcode=257&mcode=003&scode=003&type=Y&sort=order&cur_code=257&search=&GfDT=bm95W1o%3D,모렐리아 네오,mizuno,morelia neo,모렐리아 네오,MF, FW, DF,speed
미즈노 모렐리아 네오 IV 베타 MD  ,339000,275000,"캥거루, 인조가죽, 합성가죽","천연잔디, 인조잔디, 맨땅",2.0,2.0,190,https://www.crazy11.co.kr/shopimages/winv007/001002001055.jpg?1740624355,https://www.crazy11.co.kr/shop/shopdetail.html?branduid=809109&xcode=257&mcode=003&scode=003&type=Y&sort=order&cur_code=257&search=&GfDT=bmp4W19A,모렐리아 네오,mizuno,morelia neo,모렐리아 네오,MF, FW, DF,speed
미즈노 모렐리아 네오 IV 베타 엘리트 MD ,269000,209000,"캥거루, 인조가죽, 합성가죽","천연잔디, 인조잔디, 맨땅",3.0,2.0,186,https://www.crazy11.co.kr/shopimages/winv007/001002001079.jpg?1741333719,https://www.crazy11.co.kr/shop/shopdetail.html?branduid=809629&xcode=257&mcode=003&scode=003&type=Y&sort=order&cur_code=257&search=&GfDT=amt3UA%3D%3D,모렐리아 네오,mizuno,morelia neo,모렐리아 네오,MF, FW, DF,speed
미즈노 모렐리아 네오 IV 엘리트 MD ,239000,183000,"캥거루, 인조가죽","천연잔디, 인조잔디, 맨땅",3.0,2.0,189,https://www.crazy11.co.kr/shopimages/winv007/001002001080.jpg?1741334139,https://www.crazy11.co.kr/shop/shopdetail.html?branduid=809630&xcode=257&mcode=003&scode=003&type=Y&sort=order&cur_code=257&search=&GfDT=bml0W1g%3D,모렐리아 네오,mizuno,morelia neo,모렐리아 네오,MF, FW, DF,speed
미즈노 모렐리아 네오 IV 프로 AG ,169000,129000,"캥거루, 인조가죽","천연잔디, 인조잔디",2.0,2.0,221,https://www.crazy11.co.kr/shopimages/winv007/001002001082.jpg?1741334999,https://www.crazy11.co.kr/shop/shopdetail.html?branduid=809632&xcode=257&mcode=003&scode=003&type=Y&sort=order&cur_code=257&search=&GfDT=bWx3Uw%3D%3D,모렐리아 네오,mizuno,morelia neo,모렐리아 네오,MF, FW, DF,speed
미즈노 모렐리아 네오 IV 프로 MD ,169000,129000,"캥거루, 인조가죽","천연잔디, 인조잔디, 맨땅",2.0,2.0,224,https://www.crazy11.co.kr/shopimages/winv007/001002001081.jpg?1741334557,https://www.crazy11.co.kr/shop/shopdetail.html?branduid=809631&xcode=257&mcode=003&scode=003&type=Y&sort=order&cur_code=257&search=&GfDT=Zmh3Ug%3D%3D,모렐리아 네오,mizuno,morelia neo,모렐리아 네오,MF, FW, DF,speed
미즈노 알파 II JP  ,309000,245000,합성가죽,천연잔디,2.0,4.0,158,https://www.crazy11.co.kr/shopimages/winv007/001002001068.jpg?1740624324,https://www.crazy11.co.kr/shop/shopdetail.html?branduid=809472&xcode=257&mcode=003&scode=004&type=Y&sort=order&cur_code=257&search=&GfDT=am13U1U%3D,알파,mizuno,alpha,알파,FW, MF,,speed
미즈노 알파 JP  ,309000,219000,합성가죽,"천연잔디, 인조잔디, 맨땅",2.0,4.0,180,https://www.crazy11.co.kr/shopimages/winv007/001002001027.jpg?1740624428,https://www.crazy11.co.kr/shop/shopdetail.html?branduid=807706&xcode=257&mcode=003&scode=004&type=Y&sort=order&cur_code=257&search=&GfDT=bmh9W1Q%3D,알파,mizuno,alpha,알파,FW, MF,,speed
미즈노 알파 셀렉트 MD ,119000,69000,인조가죽,"천연잔디, 인조잔디",3.0,2.0,215,https://www.crazy11.co.kr/shopimages/winv007/001002001025.jpg?1740624434,https://www.crazy11.co.kr/shop/shopdetail.html?branduid=807573&xcode=257&mcode=003&scode=004&type=Y&sort=order&cur_code=257&search=&GfDT=bGd3UFg%3D,알파,mizuno,alpha,알파,FW, MF,,speed
아디다스 F50 리그 AG 2G3G ,109000,59000,"인조가죽, 합성가죽",인조잔디,3.0,3.0,236,https://www.crazy11.co.kr/shopimages/winv007/001005003198.jpg?1740624400,https://www.crazy11.co.kr/shop/shopdetail.html?branduid=808414&xcode=257&mcode=002&scode=001&type=Y&sort=order&cur_code=257&search=&GfDT=amZ3WA%3D%3D,F50,adidas,F50,F50,FW, MF,,speed
아디다스 F50 리그 FGMG ,119000,69000,합성가죽,"천연잔디, 인조잔디, 맨땅",3.0,2.0,209,https://www.crazy11.co.kr/shopimages/winv007/001005003190.jpg?1740624398,https://www.crazy11.co.kr/shop/shopdetail.html?branduid=808379&xcode=257&mcode=002&scode=001&type=Y&sort=order&cur_code=257&search=&GfDT=bm5%2BW11D,F50,adidas,F50,F50,FW, MF,,speed
아디다스 F50 리그 FGMG 메시 ,129000,79000,합성가죽,"천연잔디, 인조잔디, 맨땅",3.0,2.0,209,https://www.crazy11.co.kr/shopimages/winv007/001005003204.jpg?1740624382,https://www.crazy11.co.kr/shop/shopdetail.html?branduid=808578&xcode=257&mcode=002&scode=001&type=Y&sort=order&cur_code=257&search=&GfDT=Z2Z3Ul0%3D,F50,adidas,F50,F50,FW, MF,,speed
아디다스 F50 리그 LL FGMG ,129000,75000,합성가죽,"천연잔디, 인조잔디, 맨땅",4.0,3.0,198,https://www.crazy11.co.kr/shopimages/winv007/001005003187.jpg?1740624397,https://www.crazy11.co.kr/shop/shopdetail.html?branduid=808353&xcode=257&mcode=002&scode=001&type=Y&sort=order&cur_code=257&search=&GfDT=bGd3U1w%3D,F50,adidas,F50,F50,FW, MF,,speed
아디다스 F50 리그 MG,109000,69000,합성가죽,"천연잔디, 인조잔디, 맨땅",3.0,3.0,221,https://www.crazy11.co.kr/shopimages/winv007/001005003218.jpg?1740624342,https://www.crazy11.co.kr/shop/shopdetail.html?branduid=809306&xcode=257&mcode=002&scode=001&type=Y&sort=order&cur_code=257&search=&GfDT=aGx3U1k%3D,F50,adidas,F50,F50,FW, MF,,speed
아디다스 F50 리그 MG ,109000,59000,합성가죽,"천연잔디, 인조잔디, 맨땅",3.0,3.0,221,https://www.crazy11.co.kr/shopimages/winv007/001005003192.jpg?1740624399,https://www.crazy11.co.kr/shop/shopdetail.html?branduid=808401&xcode=257&mcode=002&scode=001&type=Y&sort=order&cur_code=257&search=&GfDT=amp3UFk%3D,F50,adidas,F50,F50,FW, MF,,speed
아디다스 F50 리그 MID FGMG ,109000,71000,합성가죽,"천연잔디, 인조잔디, 맨땅",3.0,3.0,,https://www.crazy11.co.kr/shopimages/winv007/001005003225.jpg?1740624333,https://www.crazy11.co.kr/shop/shopdetail.html?branduid=809375&xcode=257&mcode=002&scode=001&type=Y&sort=order&cur_code=257&search=&GfDT=a2x3WQ%3D%3D,F50,adidas,F50,F50,FW, MF,,speed
아디다스 F50 엘리트 AG  ,319000,239000,합성가죽,인조잔디,3.0,3.0,158,https://www.crazy11.co.kr/shopimages/winv007/001005003210.jpg?1740624346,https://www.crazy11.co.kr/shop/shopdetail.html?branduid=809171&xcode=257&mcode=002&scode=001&type=Y&sort=order&cur_code=257&search=&GfDT=amd3Ul4%3D,F50,adidas,F50,F50,FW, MF,,speed
아디다스 F50 엘리트 AG 2G3G  ,289000,199000,합성가죽,인조잔디,3.0,3.0,244,https://www.crazy11.co.kr/shopimages/winv007/001005003189.jpg?1740624398,https://www.crazy11.co.kr/shop/shopdetail.html?branduid=808369&xcode=257&mcode=002&scode=001&type=Y&sort=order&cur_code=257&search=&GfDT=bml0W11M,F50,adidas,F50,F50,FW, MF,,speed
아디다스 F50 엘리트 FG  ,319000,235000,"인조가죽, 합성가죽",천연잔디,3.0,3.0,163,https://www.crazy11.co.kr/shopimages/winv007/001005003213.jpg?1740624348,https://www.crazy11.co.kr/shop/shopdetail.html?branduid=809189&xcode=257&mcode=002&scode=001&type=Y&sort=order&cur_code=257&search=&GfDT=bm99W19A,F50,adidas,F50,F50,FW, MF,,speed
아디다스 F50 엘리트 FG 메시  ,319000,235000,"인조가죽, 합성가죽",천연잔디,3.0,3.0,163,https://www.crazy11.co.kr/shopimages/winv007/001005003230.jpg?1740624326,https://www.crazy11.co.kr/shop/shopdetail.html?branduid=809536&xcode=257&mcode=002&scode=001&type=Y&sort=order&cur_code=257&search=&GfDT=aWl3UFs%3D,F50,adidas,F50,F50,FW, MF,,speed
아디다스 F50 엘리트 FG 메시 LEO X BB  ,359000,319000,"인조가죽, 합성가죽",천연잔디,3.0,3.0,,https://www.crazy11.co.kr/shopimages/winv007/001005003205.jpg?1740624378,https://www.crazy11.co.kr/shop/shopdetail.html?branduid=808782&xcode=257&mcode=002&scode=001&type=Y&sort=order&cur_code=257&search=&GfDT=aG93Vw%3D%3D,F50,adidas,F50,F50,FW, MF,,speed
아디다스 F50 엘리트 LL FG  ,319000,239000,합성가죽,천연잔디,4.0,3.0,171,https://www.crazy11.co.kr/shopimages/winv007/001005003212.jpg?1740624347,https://www.crazy11.co.kr/shop/shopdetail.html?branduid=809173&xcode=257&mcode=002&scode=001&type=Y&sort=order&cur_code=257&search=&GfDT=aG93Ul8%3D,F50,adidas,F50,F50,FW, MF,,speed
아디다스 F50 클럽 FxG ,79000,39000,합성가죽,"천연잔디, 인조잔디, 맨땅",3.0,3.0,224,https://www.crazy11.co.kr/shopimages/winv007/001005003197.jpg?1740624400,https://www.crazy11.co.kr/shop/shopdetail.html?branduid=808413&xcode=257&mcode=002&scode=001&type=Y&sort=order&cur_code=257&search=&GfDT=a2x3UFw%3D,F50,adidas,F50,F50,FW, MF,,speed
아디다스 F50 프로 MG ,189000,119000,"인조가죽, 합성가죽","천연잔디, 인조잔디, 맨땅",3.0,3.0,234,https://www.crazy11.co.kr/shopimages/winv007/001005003207.jpg?1740624378,https://www.crazy11.co.kr/shop/shopdetail.html?branduid=808866&xcode=257&mcode=002&scode=001&type=Y&sort=order&cur_code=257&search=&GfDT=a253VA%3D%3D,F50,adidas,F50,F50,FW, MF,,speed
아디다스 X 고스티드3 FG  ,129000,55000,"합성가죽, 니트",천연잔디,3.0,1.0,237,https://www.crazy11.co.kr/shopimages/winv007/001005003062.jpg?1740624501,https://www.crazy11.co.kr/shop/shopdetail.html?branduid=805253&xcode=257&mcode=002&scode=002&type=Y&sort=order&cur_code=257&search=&GfDT=bm99W10%3D,X,adidas,X,X,FW, MF,,speed
아디다스 X 크레이지패스트 INJ1 FG ,309000,129000,"합성가죽, 니트",천연잔디,4.0,2.0,,https://www.crazy11.co.kr/shopimages/winv007/001005003053.jpg?1740624510,https://www.crazy11.co.kr/shop/shopdetail.html?branduid=804992&xcode=257&mcode=002&scode=002&type=Y&sort=order&cur_code=257&search=&GfDT=bW13U1Q%3D,X,adidas,X,X,FW, MF,,speed
아디다스 X 크레이지패스트 INJ1 LL FG  ,319000,129000,"인조가죽, 니트",천연잔디,4.0,2.0,176,https://www.crazy11.co.kr/shopimages/winv007/001005003054.jpg?1740624510,https://www.crazy11.co.kr/shop/shopdetail.html?branduid=804993&xcode=257&mcode=002&scode=002&type=Y&sort=order&cur_code=257&search=&GfDT=Z2Z3U1s%3D,X,adidas,X,X,FW, MF,,speed
아디다스 X 크레이지패스트 리그 FG ,119000,49000,합성가죽,천연잔디,4.0,2.0,230,https://www.crazy11.co.kr/shopimages/winv007/001005003141.jpg?1740624459,https://www.crazy11.co.kr/shop/shopdetail.html?branduid=806943&xcode=257&mcode=002&scode=002&type=Y&sort=order&cur_code=257&search=&GfDT=aWx3Uw%3D%3D,X,adidas,X,X,FW, MF,,speed
아디다스 X 크레이지패스트 리그 LL FG ,129000,59000,합성가죽,천연잔디,5.0,1.0,229,https://www.crazy11.co.kr/shopimages/winv007/001005003131.jpg?1740624467,https://www.crazy11.co.kr/shop/shopdetail.html?branduid=806856&xcode=257&mcode=002&scode=002&type=Y&sort=order&cur_code=257&search=&GfDT=aWd3UF8%3D,X,adidas,X,X,FW, MF,,speed
아디다스 X 크레이지패스트 리그 MG ,109000,49000,합성가죽,"천연잔디, 인조잔디, 맨땅",4.0,2.0,239,https://www.crazy11.co.kr/shopimages/winv007/001005003132.jpg?1740624467,https://www.crazy11.co.kr/shop/shopdetail.html?branduid=806867&xcode=257&mcode=002&scode=002&type=Y&sort=order&cur_code=257&search=&GfDT=a2Z3UF4%3D,X,adidas,X,X,FW, MF,,speed
아디다스 X 크레이지패스트 메시1 FG ,309000,119000,"합성가죽, 니트",천연잔디,4.0,2.0,184,https://www.crazy11.co.kr/shopimages/winv007/001005003057.jpg?1740624511,https://www.crazy11.co.kr/shop/shopdetail.html?branduid=805063&xcode=257&mcode=002&scode=002&type=Y&sort=order&cur_code=257&search=&GfDT=bmx%2FW15H,X,adidas,X,X,FW, MF,,speed
아디다스 X 크레이지패스트 엘리트 AG ,309000,139000,"합성가죽, 니트",인조잔디,3.0,3.0,178,https://www.crazy11.co.kr/shopimages/winv007/001005003090.jpg?1740624488,https://www.crazy11.co.kr/shop/shopdetail.html?branduid=806191&xcode=257&mcode=002&scode=002&type=Y&sort=order&cur_code=257&search=&GfDT=bmp6W15E,X,adidas,X,X,FW, MF,,speed
아디다스 X 크레이지패스트 엘리트 AG 2G3G ,309000,139000,"인조가죽, 니트",인조잔디,4.0,3.0,243,https://www.crazy11.co.kr/shopimages/winv007/001005003135.jpg?1740624457,https://www.crazy11.co.kr/shop/shopdetail.html?branduid=806877&xcode=257&mcode=002&scode=002&type=Y&sort=order&cur_code=257&search=&GfDT=bmt6W1U%3D,X,adidas,X,X,FW, MF,,speed
아디다스 X 크레이지패스트 엘리트 FG ,309000,139000,"합성가죽, 니트",천연잔디,4.0,4.0,182,https://www.crazy11.co.kr/shopimages/winv007/001005003137.jpg?1740624458,https://www.crazy11.co.kr/shop/shopdetail.html?branduid=806897&xcode=257&mcode=002&scode=002&type=Y&sort=order&cur_code=257&search=&GfDT=amd3Vg%3D%3D,X,adidas,X,X,FW, MF,,speed
아디다스 X 크레이지패스트 엘리트 HG ,309000,149000,"합성가죽, 니트",맨땅,4.0,2.0,212,https://www.crazy11.co.kr/shopimages/winv007/001005003136.jpg?1740624457,https://www.crazy11.co.kr/shop/shopdetail.html?branduid=806883&xcode=257&mcode=002&scode=002&type=Y&sort=order&cur_code=257&search=&GfDT=bm18W1Q%3D,X,adidas,X,X,FW, MF,,speed
아디다스 X 크레이지패스트 엘리트 LL FG ,319000,139000,"합성가죽, 니트",천연잔디,4.0,2.0,177,https://www.crazy11.co.kr/shopimages/winv007/001005003138.jpg?1740624458,https://www.crazy11.co.kr/shop/shopdetail.html?branduid=806898&xcode=257&mcode=002&scode=002&type=Y&sort=order&cur_code=257&search=&GfDT=bmh%2FW1o%3D,X,adidas,X,X,FW, MF,,speed
아디다스 X 크레이지패스트 클럽 FxG ,79000,39000,"합성가죽, 니트","천연잔디, 인조잔디, 맨땅",3.0,2.0,247,https://www.crazy11.co.kr/shopimages/winv007/001005003103.jpg?1740624480,https://www.crazy11.co.kr/shop/shopdetail.html?branduid=806244&xcode=257&mcode=002&scode=002&type=Y&sort=order&cur_code=257&search=&GfDT=aWx3UF0%3D,X,adidas,X,X,FW, MF,,speed
아디다스 X 크레이지패스트 프로 FG,189000,125000,"합성가죽, 니트",천연잔디,4.0,3.0,240,https://www.crazy11.co.kr/shopimages/winv007/001005003147.jpg?1740624460,https://www.crazy11.co.kr/shop/shopdetail.html?branduid=806952&xcode=257&mcode=002&scode=002&type=Y&sort=order&cur_code=257&search=&GfDT=bWx3UlU%3D,X,adidas,X,X,FW, MF,,speed
아디다스 X 크레이지패스트 프로 FG ,189000,83000,"합성가죽, 니트",천연잔디,4.0,3.0,240,https://www.crazy11.co.kr/shopimages/winv007/001005003106.jpg?1740624480,https://www.crazy11.co.kr/shop/shopdetail.html?branduid=806258&xcode=257&mcode=002&scode=002&type=Y&sort=order&cur_code=257&search=&GfDT=bm99W1U%3D,X,adidas,X,X,FW, MF,,speed
아디다스 X 크레이지패스트+ FG  ,369000,289000,"인조가죽, 합성가죽",천연잔디,4.0,2.0,160,https://www.crazy11.co.kr/shopimages/winv007/001005003146.jpg?1740624459,https://www.crazy11.co.kr/shop/shopdetail.html?branduid=806950&xcode=257&mcode=002&scode=002&type=Y&sort=order&cur_code=257&search=&GfDT=am93UQ%3D%3D,X,adidas,X,X,FW, MF,,speed
아디다스 X 크레이지패스트1 AG ,309000,149000,"합성가죽, 니트",인조잔디,4.0,2.0,181,https://www.crazy11.co.kr/shopimages/winv007/001005003071.jpg?1740624503,https://www.crazy11.co.kr/shop/shopdetail.html?branduid=805405&xcode=257&mcode=002&scode=002&type=Y&sort=order&cur_code=257&search=&GfDT=amZ3Uw%3D%3D,X,adidas,X,X,FW, MF,,speed
아디다스 X 크레이지패스트1 FG ,309000,139000,"합성가죽, 니트",천연잔디,4.0,2.0,,https://www.crazy11.co.kr/shopimages/winv007/001005003070.jpg?1740624503,https://www.crazy11.co.kr/shop/shopdetail.html?branduid=805404&xcode=257&mcode=002&scode=002&type=Y&sort=order&cur_code=257&search=&GfDT=ZmZ3WQ%3D%3D,X,adidas,X,X,FW, MF,,speed
아디다스 X 크레이지패스트1 FG UT 논슬립 사커스타킹 증정 EVENT ,309000,139000,"합성가죽, 니트",천연잔디,4.0,2.0,,https://www.crazy11.co.kr/shopimages/winv007/001005003051.jpg?1740624509,https://www.crazy11.co.kr/shop/shopdetail.html?branduid=804912&xcode=257&mcode=002&scode=002&type=Y&sort=order&cur_code=257&search=&GfDT=Z2t3U1o%3D,X,adidas,X,X,FW, MF,,speed
아디다스 X 크레이지패스트1 LL FG ,319000,129000,"합성가죽, 니트",천연잔디,4.0,2.0,,https://www.crazy11.co.kr/shopimages/winv007/001005003050.jpg?1740624509,https://www.crazy11.co.kr/shop/shopdetail.html?branduid=804899&xcode=257&mcode=002&scode=002&type=Y&sort=order&cur_code=257&search=&GfDT=aWl3Ul4%3D,X,adidas,X,X,FW, MF,,speed
아디다스 코파 문디알 FG 독일산 ,209000,129000,캥거루,"천연잔디, 맨땅",5.0,3.0,,https://www.crazy11.co.kr/shopimages/winv007/001005000390.jpg?1740624536,https://www.crazy11.co.kr/shop/shopdetail.html?branduid=4827&xcode=257&mcode=002&scode=004&type=Y&sort=order&cur_code=257&search=&GfDT=aGd3Ug%3D%3D,코파,adidas,copa,코파,FW, MF, DF,control
아디다스 코파 센스1 HGAG  ,269000,79000,합성가죽,"인조잔디, 맨땅",4.0,2.0,225,https://www.crazy11.co.kr/shopimages/winv007/001005003118.jpg?1740624473,https://www.crazy11.co.kr/shop/shopdetail.html?branduid=806357&xcode=257&mcode=002&scode=004&type=Y&sort=order&cur_code=257&search=&GfDT=bml3Ul0%3D,코파,adidas,copa,코파,FW, MF, DF,control
아디다스 코파 퓨어 2 리그 FG ,109000,59000,합성가죽,천연잔디,4.0,2.0,254,https://www.crazy11.co.kr/shopimages/winv007/001005003142.jpg?1740624459,https://www.crazy11.co.kr/shop/shopdetail.html?branduid=806945&xcode=257&mcode=002&scode=004&type=Y&sort=order&cur_code=257&search=&GfDT=bWV8,코파,adidas,copa,코파,FW, MF, DF,control
아디다스 코파 퓨어 2 리그 MG ,109000,49000,합성가죽,"천연잔디, 인조잔디, 맨땅",4.0,3.0,275,https://www.crazy11.co.kr/shopimages/winv007/001005003095.jpg?1740624490,https://www.crazy11.co.kr/shop/shopdetail.html?branduid=806205&xcode=257&mcode=002&scode=004&type=Y&sort=order&cur_code=257&search=&GfDT=bWl3UFs%3D,코파,adidas,copa,코파,FW, MF, DF,control
아디다스 코파 퓨어 2 엘리트 FG ,289000,149000,인조가죽,천연잔디,4.0,2.0,213,https://www.crazy11.co.kr/shopimages/winv007/001005003139.jpg?1740624458,https://www.crazy11.co.kr/shop/shopdetail.html?branduid=806899&xcode=257&mcode=002&scode=004&type=Y&sort=order&cur_code=257&search=&GfDT=bmx8W1k%3D,코파,adidas,copa,코파,FW, MF, DF,control
아디다스 코파 퓨어 21 FG ,289000,149000,합성가죽,천연잔디,3.0,1.0,210,https://www.crazy11.co.kr/shopimages/winv007/001005003074.jpg?1740624504,https://www.crazy11.co.kr/shop/shopdetail.html?branduid=805436&xcode=257&mcode=002&scode=004&type=Y&sort=order&cur_code=257&search=&GfDT=bm9%2BW1w%3D,코파,adidas,copa,코파,FW, MF, DF,control
아디다스 코파 퓨어 21 HG ,309000,159000,합성가죽,맨땅,3.0,2.0,250,https://www.crazy11.co.kr/shopimages/winv007/001005003076.jpg?1740624493,https://www.crazy11.co.kr/shop/shopdetail.html?branduid=805439&xcode=257&mcode=002&scode=004&type=Y&sort=order&cur_code=257&search=&GfDT=bml0W19N,코파,adidas,copa,코파,FW, MF, DF,control
아디다스 코파 퓨어 3 엘리트 FG  ,269000,176000,합성가죽,천연잔디,4.0,2.0,214,https://www.crazy11.co.kr/shopimages/winv007/001005003222.jpg?1740624332,https://www.crazy11.co.kr/shop/shopdetail.html?branduid=809370&xcode=257&mcode=002&scode=004&type=Y&sort=order&cur_code=257&search=&GfDT=bml7W11F,코파,adidas,copa,코파,FW, MF, DF,control
아디다스 코파 퓨어 II+ FG  ,359000,179000,"소가죽, 니트",천연잔디,4.0,3.0,210,https://www.crazy11.co.kr/shopimages/winv007/001005003077.jpg?1740624494,https://www.crazy11.co.kr/shop/shopdetail.html?branduid=805638&xcode=257&mcode=002&scode=004&type=Y&sort=order&cur_code=257&search=&GfDT=ZmZ3Ulk%3D,코파,adidas,copa,코파,FW, MF, DF,control
아디다스 코파 퓨어 INJ1 FG UT 논슬립 사커스타킹 증정 EVENT ,309000,99000,소가죽,천연잔디,3.0,2.0,,https://www.crazy11.co.kr/shopimages/winv007/001005003055.jpg?1740624511,https://www.crazy11.co.kr/shop/shopdetail.html?branduid=804996&xcode=257&mcode=002&scode=004&type=Y&sort=order&cur_code=257&search=&GfDT=bmt3U1U%3D,코파,adidas,copa,코파,FW, MF, DF,control
아디다스 코파 퓨어1 FG UT 논슬립 사커스타킹 증정 EVENT ,289000,119000,합성가죽,천연잔디,3.0,2.0,207,https://www.crazy11.co.kr/shopimages/winv007/001005002979.jpg?1741306062,https://www.crazy11.co.kr/shop/shopdetail.html?branduid=803117&xcode=257&mcode=002&scode=004&type=Y&sort=order&cur_code=257&search=&GfDT=aGp3Ulw%3D,코파,adidas,copa,코파,FW, MF, DF,control
아디다스 프레데터 리그 FT FG ,129000,79000,합성가죽,천연잔디,3.0,3.0,252,https://www.crazy11.co.kr/shopimages/winv007/001005003185.jpg?1740624408,https://www.crazy11.co.kr/shop/shopdetail.html?branduid=808288&xcode=257&mcode=002&scode=007&type=Y&sort=order&cur_code=257&search=&GfDT=bm10W15A,프레데터,adidas,predator,프레데터,MF, FW, DF,control
아디다스 프레데터 리그 FT FGMG ,129000,85000,"인조가죽, 합성가죽","천연잔디, 인조잔디, 맨땅",3.0,3.0,237,https://www.crazy11.co.kr/shopimages/winv007/001005003224.jpg?1740624332,https://www.crazy11.co.kr/shop/shopdetail.html?branduid=809373&xcode=257&mcode=002&scode=007&type=Y&sort=order&cur_code=257&search=&GfDT=Z2V0,프레데터,adidas,predator,프레데터,MF, FW, DF,control
아디다스 프레데터 리그 LL FG ,129000,69000,"합성가죽, 니트",천연잔디,4.0,2.0,256,https://www.crazy11.co.kr/shopimages/winv007/001005003174.jpg?1740624414,https://www.crazy11.co.kr/shop/shopdetail.html?branduid=808037&xcode=257&mcode=002&scode=007&type=Y&sort=order&cur_code=257&search=&GfDT=aWd3Uw%3D%3D,프레데터,adidas,predator,프레데터,MF, FW, DF,control
아디다스 프레데터 리그 MG ,109000,39000,합성가죽,"천연잔디, 인조잔디, 맨땅",4.0,2.0,262,https://www.crazy11.co.kr/shopimages/winv007/001005003100.jpg?1740624479,https://www.crazy11.co.kr/shop/shopdetail.html?branduid=806239&xcode=257&mcode=002&scode=007&type=Y&sort=order&cur_code=257&search=&GfDT=a2x3UFg%3D,프레데터,adidas,predator,프레데터,MF, FW, DF,control
아디다스 프레데터 리그 SOCK FG,119000,75000,"합성가죽, 니트",천연잔디,4.0,3.0,260,https://www.crazy11.co.kr/shopimages/winv007/001005003148.jpg?1740624460,https://www.crazy11.co.kr/shop/shopdetail.html?branduid=806955&xcode=257&mcode=002&scode=007&type=Y&sort=order&cur_code=257&search=&GfDT=aW53UlQ%3D,프레데터,adidas,predator,프레데터,MF, FW, DF,control
아디다스 프레데터 리그 SOCK FG ,119000,59000,"합성가죽, 니트",천연잔디,4.0,3.0,260,https://www.crazy11.co.kr/shopimages/winv007/001005003195.jpg?1740624400,https://www.crazy11.co.kr/shop/shopdetail.html?branduid=808409&xcode=257&mcode=002&scode=007&type=Y&sort=order&cur_code=257&search=&GfDT=Zm93UF4%3D,프레데터,adidas,predator,프레데터,MF, FW, DF,control
아디다스 프레데터 리그 로우 FG,119000,77000,합성가죽,천연잔디,4.0,3.0,260,https://www.crazy11.co.kr/shopimages/winv007/001005003117.jpg?1740624473,https://www.crazy11.co.kr/shop/shopdetail.html?branduid=806349&xcode=257&mcode=002&scode=007&type=Y&sort=order&cur_code=257&search=&GfDT=amd3Ul4%3D,프레데터,adidas,predator,프레데터,MF, FW, DF,control
아디다스 프레데터 리그 로우 FG ,119000,49000,"인조가죽, 합성가죽",천연잔디,4.0,3.0,260,https://www.crazy11.co.kr/shopimages/winv007/001005003133.jpg?1740624457,https://www.crazy11.co.kr/shop/shopdetail.html?branduid=806868&xcode=257&mcode=002&scode=007&type=Y&sort=order&cur_code=257&search=&GfDT=Z2V8UA%3D%3D,프레데터,adidas,predator,프레데터,MF, FW, DF,control
아디다스 프레데터 리그 로우 MG ,109000,49000,합성가죽,"천연잔디, 인조잔디, 맨땅",4.0,3.0,248,https://www.crazy11.co.kr/shopimages/winv007/001005003130.jpg?1740624467,https://www.crazy11.co.kr/shop/shopdetail.html?branduid=806834&xcode=257&mcode=002&scode=007&type=Y&sort=order&cur_code=257&search=&GfDT=Z2Z3U1Q%3D,프레데터,adidas,predator,프레데터,MF, FW, DF,control
아디다스 프레데터 애큐러시 INJ1 L FG ,309000,119000,"합성가죽, 니트",천연잔디,4.0,3.0,231,https://www.crazy11.co.kr/shopimages/winv007/001005003056.jpg?1740624511,https://www.crazy11.co.kr/shop/shopdetail.html?branduid=805009&xcode=257&mcode=002&scode=007&type=Y&sort=order&cur_code=257&search=&GfDT=a2t3U1g%3D,프레데터,adidas,predator,프레데터,MF, FW, DF,control
아디다스 프레데터 애큐러시+ FG  ,369000,199000,"인조가죽, 합성가죽",천연잔디,4.0,3.0,232,https://www.crazy11.co.kr/shopimages/winv007/001005003078.jpg?1740624494,https://www.crazy11.co.kr/shop/shopdetail.html?branduid=805639&xcode=257&mcode=002&scode=007&type=Y&sort=order&cur_code=257&search=&GfDT=am53Ulg%3D,프레데터,adidas,predator,프레데터,MF, FW, DF,control
아디다스 프레데터 애큐러시1 FG ,309000,119000,합성가죽,천연잔디,3.0,3.0,242,https://www.crazy11.co.kr/shopimages/winv007/001005003073.jpg?1740624503,https://www.crazy11.co.kr/shop/shopdetail.html?branduid=805407&xcode=257&mcode=002&scode=007&type=Y&sort=order&cur_code=257&search=&GfDT=bm54W1U%3D,프레데터,adidas,predator,프레데터,MF, FW, DF,control
아디다스 프레데터 애큐러시1 FG UT 논슬립 사커스타킹 증정 EVENT ,309000,119000,합성가죽,천연잔디,3.0,3.0,242,https://www.crazy11.co.kr/shopimages/winv007/001005002994.jpg?1741312032,https://www.crazy11.co.kr/shop/shopdetail.html?branduid=803380&xcode=257&mcode=002&scode=007&type=Y&sort=order&cur_code=257&search=&GfDT=aGh3Ul0%3D,프레데터,adidas,predator,프레데터,MF, FW, DF,control
아디다스 프레데터 애큐러시1 L FG ,309000,119000,"인조가죽, 합성가죽",천연잔디,4.0,3.0,230,https://www.crazy11.co.kr/shopimages/winv007/001005003075.jpg?1740624504,https://www.crazy11.co.kr/shop/shopdetail.html?branduid=805437&xcode=257&mcode=002&scode=007&type=Y&sort=order&cur_code=257&search=&GfDT=bGh3VA%3D%3D,프레데터,adidas,predator,프레데터,MF, FW, DF,control
아디다스 프레데터 엘리트 AG 2G3G ,309000,149000,합성가죽,인조잔디,4.0,3.0,256,https://www.crazy11.co.kr/shopimages/winv007/001005003140.jpg?1740624458,https://www.crazy11.co.kr/shop/shopdetail.html?branduid=806900&xcode=257&mcode=002&scode=006&type=Y&sort=order&cur_code=257&search=&GfDT=Zm53VQ%3D%3D,프레데터,adidas,predator,프레데터,MF, FW, DF,control
아디다스 프레데터 엘리트 FG  ,309000,199000,"인조가죽, 합성가죽",천연잔디,4.0,2.0,,https://www.crazy11.co.kr/shopimages/winv007/001005003211.jpg?1740624347,https://www.crazy11.co.kr/shop/shopdetail.html?branduid=809172&xcode=257&mcode=002&scode=006&type=Y&sort=order&cur_code=257&search=&GfDT=aWZ3UlQ%3D,프레데터,adidas,predator,프레데터,MF, FW, DF,control
아디다스 프레데터 엘리트 LL AG ,319000,159000,"인조가죽, 합성가죽, 니트",인조잔디,5.0,2.0,192,https://www.crazy11.co.kr/shopimages/winv007/001005003093.jpg?1740624489,https://www.crazy11.co.kr/shop/shopdetail.html?branduid=806198&xcode=257&mcode=002&scode=007&type=Y&sort=order&cur_code=257&search=&GfDT=aWp3UlQ%3D,프레데터,adidas,predator,프레데터,MF, FW, DF,control
아디다스 프레데터 엘리트 LL FG  ,319000,149000,"합성가죽, 니트",천연잔디,4.0,2.0,182,https://www.crazy11.co.kr/shopimages/winv007/001005003149.jpg?1740624460,https://www.crazy11.co.kr/shop/shopdetail.html?branduid=806994&xcode=257&mcode=002&scode=007&type=Y&sort=order&cur_code=257&search=&GfDT=bG53Uls%3D,프레데터,adidas,predator,프레데터,MF, FW, DF,control
아디다스 프레데터 엘리트 로우 AG ,309000,149000,"인조가죽, 합성가죽",인조잔디,4.0,2.0,207,https://www.crazy11.co.kr/shopimages/winv007/001005003091.jpg?1740624488,https://www.crazy11.co.kr/shop/shopdetail.html?branduid=806196&xcode=257&mcode=002&scode=007&type=Y&sort=order&cur_code=257&search=&GfDT=a2p3UlU%3D,프레데터,adidas,predator,프레데터,MF, FW, DF,control
아디다스 프레데터 엘리트 로우 FG  ,309000,159000,"인조가죽, 합성가죽",천연잔디,4.0,2.0,200,https://www.crazy11.co.kr/shopimages/winv007/001005003092.jpg?1740624489,https://www.crazy11.co.kr/shop/shopdetail.html?branduid=806197&xcode=257&mcode=002&scode=007&type=Y&sort=order&cur_code=257&search=&GfDT=bmh9W11M,프레데터,adidas,predator,프레데터,MF, FW, DF,control
아디다스 프레데터 엘리트 로우 HG ,309000,139000,합성가죽,맨땅,3.0,2.0,220,https://www.crazy11.co.kr/shopimages/winv007/001005003104.jpg?1740624480,https://www.crazy11.co.kr/shop/shopdetail.html?branduid=806246&xcode=257&mcode=002&scode=007&type=Y&sort=order&cur_code=257&search=&GfDT=bmt5W11E,프레데터,adidas,predator,프레데터,MF, FW, DF,control
아디다스 프레데터 클럽 FxG ,79000,43000,합성가죽,"천연잔디, 인조잔디, 맨땅",4.0,1.0,242,https://www.crazy11.co.kr/shopimages/winv007/001005003188.jpg?1740624398,https://www.crazy11.co.kr/shop/shopdetail.html?branduid=808368&xcode=257&mcode=002&scode=007&type=Y&sort=order&cur_code=257&search=&GfDT=bml%2BW11N,프레데터,adidas,predator,프레데터,MF, FW, DF,control
아디다스 프레데터 프로 FG ,189000,89000,합성가죽,천연잔디,4.0,1.0,238,https://www.crazy11.co.kr/shopimages/winv007/001005003134.jpg?1740624457,https://www.crazy11.co.kr/shop/shopdetail.html?branduid=806869&xcode=257&mcode=002&scode=007&type=Y&sort=order&cur_code=257&search=&GfDT=bGl3UFw%3D,프레데터,adidas,predator,프레데터,MF, FW, DF,control
아디다스 프레데터 프로 MG ,189000,83000,합성가죽,"천연잔디, 인조잔디, 맨땅",4.0,1.0,270,https://www.crazy11.co.kr/shopimages/winv007/001005003109.jpg?1740624481,https://www.crazy11.co.kr/shop/shopdetail.html?branduid=806261&xcode=257&mcode=002&scode=007&type=Y&sort=order&cur_code=257&search=&GfDT=bml%2BW1o%3D,프레데터,adidas,predator,프레데터,MF, FW, DF,control
푸마 울트라 5 얼티메이트 FG ,299000,195000,"인조가죽, 합성가죽",천연잔디,5.0,4.0,181,https://www.crazy11.co.kr/shopimages/winv007/001006000997.jpg?1740624391,https://www.crazy11.co.kr/shop/shopdetail.html?branduid=808520&xcode=257&mcode=004&scode=001&type=Y&sort=order&cur_code=257&search=&GfDT=bGV9,울트라,PUMA,ultra,울트라, MF,,,speed
푸마 울트라 5 얼티메이트 FG  ,299000,199000,"인조가죽, 합성가죽",천연잔디,5.0,4.0,181,https://www.crazy11.co.kr/shopimages/winv007/001006001038.jpg?1740624350,https://www.crazy11.co.kr/shop/shopdetail.html?branduid=809233&xcode=257&mcode=004&scode=001&type=Y&sort=order&cur_code=257&search=&GfDT=bmh9W11M,울트라,PUMA,ultra,울트라, MF,,,speed
푸마 울트라 5 얼티메이트 FG UT 논슬립 사커스타킹 증정 EVENT ,299000,179000,"인조가죽, 합성가죽",천연잔디,5.0,4.0,181,https://www.crazy11.co.kr/shopimages/winv007/001006000971.jpg?1740624435,https://www.crazy11.co.kr/shop/shopdetail.html?branduid=807644&xcode=257&mcode=004&scode=001&type=Y&sort=order&cur_code=257&search=&GfDT=bmt6W19C,울트라,PUMA,ultra,울트라, MF,,,speed
푸마 울트라 5 얼티메이트 포에버 FG  ,299000,199000,"인조가죽, 합성가죽",천연잔디,5.0,4.0,181,https://www.crazy11.co.kr/shopimages/winv007/001006001054.jpg?1740715571,https://www.crazy11.co.kr/shop/shopdetail.html?branduid=809541&xcode=257&mcode=004&scode=001&type=Y&sort=order&cur_code=257&search=&GfDT=bW93UFo%3D,울트라,PUMA,ultra,울트라, MF,,,speed
푸마 울트라 매치 플러스 LL FGAG,129000,89000,"인조가죽, 합성가죽, 니트","천연잔디, 인조잔디",4.0,3.0,226,https://www.crazy11.co.kr/shopimages/winv007/001006000959.jpg?1740624452,https://www.crazy11.co.kr/shop/shopdetail.html?branduid=807066&xcode=257&mcode=004&scode=001&type=Y&sort=order&cur_code=257&search=&GfDT=bWl3Ulw%3D,울트라,PUMA,ultra,울트라, MF,,,speed
푸마 울트라 얼티메이트 FGAG ,289000,149000,"인조가죽, 니트","천연잔디, 인조잔디",4.0,2.0,194,https://www.crazy11.co.kr/shopimages/winv007/001006000949.jpg?1740624450,https://www.crazy11.co.kr/shop/shopdetail.html?branduid=806998&xcode=257&mcode=004&scode=001&type=Y&sort=order&cur_code=257&search=&GfDT=bWd3Uls%3D,울트라,PUMA,ultra,울트라, MF,,,speed
푸마 울트라 얼티메이트 MG ,289000,149000,"인조가죽, 니트","천연잔디, 인조잔디, 맨땅",4.0,1.0,204,https://www.crazy11.co.kr/shopimages/winv007/001006000950.jpg?1740624450,https://www.crazy11.co.kr/shop/shopdetail.html?branduid=807000&xcode=257&mcode=004&scode=001&type=Y&sort=order&cur_code=257&search=&GfDT=aGx3Ulo%3D,울트라,PUMA,ultra,울트라, MF,,,speed
푸마 울트라 프로 FGAG,179000,125000,"합성가죽, 니트","천연잔디, 인조잔디",3.0,2.0,234,https://www.crazy11.co.kr/shopimages/winv007/001006000962.jpg?1740624452,https://www.crazy11.co.kr/shop/shopdetail.html?branduid=807072&xcode=257&mcode=004&scode=001&type=Y&sort=order&cur_code=257&search=&GfDT=a2p3U1Q%3D,울트라,PUMA,ultra,울트라, MF,,,speed
푸마 울트라 프로 MG ,179000,89000,"인조가죽, 니트","천연잔디, 인조잔디, 맨땅",4.0,2.0,237,https://www.crazy11.co.kr/shopimages/winv007/001006000906.jpg?1740624502,https://www.crazy11.co.kr/shop/shopdetail.html?branduid=805333&xcode=257&mcode=004&scode=001&type=Y&sort=order&cur_code=257&search=&GfDT=a2d3UFk%3D,울트라,PUMA,ultra,울트라, MF,,,speed
푸마 킹 얼티메이트 FGAG,259000,179000,"합성가죽, 니트","천연잔디, 인조잔디",2.0,1.0,,https://www.crazy11.co.kr/shopimages/winv007/001006000944.jpg?1740624474,https://www.crazy11.co.kr/shop/shopdetail.html?branduid=806498&xcode=257&mcode=004&scode=005&type=Y&sort=order&cur_code=257&search=&GfDT=Z2d3U1k%3D,킹 얼티메이트,PUMA,king ultimate,킹 얼티메이트,,,,control
푸마 킹 얼티메이트 FGAG ,269000,169000,"합성가죽, 니트","천연잔디, 인조잔디",2.0,1.0,,https://www.crazy11.co.kr/shopimages/winv007/001006000998.jpg?1740624391,https://www.crazy11.co.kr/shop/shopdetail.html?branduid=808522&xcode=257&mcode=004&scode=005&type=Y&sort=order&cur_code=257&search=&GfDT=bmx7W19N,킹 얼티메이트,PUMA,king ultimate,킹 얼티메이트,,,,control
푸마 킹 얼티메이트 FGAG  ,269000,169000,"합성가죽, 니트","천연잔디, 인조잔디",2.0,1.0,,https://www.crazy11.co.kr/shopimages/winv007/001006001039.jpg?1740624350,https://www.crazy11.co.kr/shop/shopdetail.html?branduid=809235&xcode=257&mcode=004&scode=005&type=Y&sort=order&cur_code=257&search=&GfDT=amV8Vg%3D%3D,킹 얼티메이트,PUMA,king ultimate,킹 얼티메이트,,,,control
푸마 킹 얼티메이트 MG ,269000,175000,"합성가죽, 니트","천연잔디, 인조잔디, 맨땅",4.0,3.0,213,https://www.crazy11.co.kr/shopimages/winv007/001006000999.jpg?1740624391,https://www.crazy11.co.kr/shop/shopdetail.html?branduid=808523&xcode=257&mcode=004&scode=005&type=Y&sort=order&cur_code=257&search=&GfDT=aWl3UlQ%3D,킹 얼티메이트,PUMA,king ultimate,킹 얼티메이트,,,,control
푸마 킹 얼티메이트 MG  ,269000,175000,"합성가죽, 니트","천연잔디, 인조잔디, 맨땅",4.0,3.0,213,https://www.crazy11.co.kr/shopimages/winv007/001006001024.jpg?1740624371,https://www.crazy11.co.kr/shop/shopdetail.html?branduid=808990&xcode=257&mcode=004&scode=005&type=Y&sort=order&cur_code=257&search=&GfDT=a2x3UA%3D%3D,킹 얼티메이트,PUMA,king ultimate,킹 얼티메이트,,,,control
푸마 킹 얼티메이트 에너지 FGAG  ,269000,119000,"인조가죽, 합성가죽, 니트","천연잔디, 인조잔디",5.0,3.0,,https://www.crazy11.co.kr/shopimages/winv007/001006000895.jpg?1740624510,https://www.crazy11.co.kr/shop/shopdetail.html?branduid=804957&xcode=257&mcode=004&scode=005&type=Y&sort=order&cur_code=257&search=&GfDT=bmx4W19H,킹 얼티메이트,PUMA,king ultimate,킹 얼티메이트,,,,control
푸마 킹 얼티메이트 포에버 FGAG  ,269000,169000,"합성가죽, 니트","천연잔디, 인조잔디",2.0,1.0,,https://www.crazy11.co.kr/shopimages/winv007/001006001058.jpg?1740710692,https://www.crazy11.co.kr/shop/shopdetail.html?branduid=809547&xcode=257&mcode=004&scode=005&type=Y&sort=order&cur_code=257&search=&GfDT=bm18W11H,킹 얼티메이트,PUMA,king ultimate,킹 얼티메이트,,,,control
푸마 퓨처 7 매치 플러스 LL FGAG ,129000,79000,합성가죽,"천연잔디, 인조잔디",4.0,4.0,232,https://www.crazy11.co.kr/shopimages/winv007/001006001003.jpg?1740624392,https://www.crazy11.co.kr/shop/shopdetail.html?branduid=808543&xcode=257&mcode=004&scode=007&type=Y&sort=order&cur_code=257&search=&GfDT=Z2V%2BVQ%3D%3D,퓨처,PUMA,future,퓨처,FW, MF, DF,comfortable
푸마 퓨처 7 얼티메이트 FGAG ,289000,169000,"인조가죽, 합성가죽, 니트","천연잔디, 인조잔디",4.0,3.0,206,https://www.crazy11.co.kr/shopimages/winv007/001006000972.jpg?1740624435,https://www.crazy11.co.kr/shop/shopdetail.html?branduid=807645&xcode=257&mcode=004&scode=007&type=Y&sort=order&cur_code=257&search=&GfDT=amt3Ulk%3D,퓨처,PUMA,future,퓨처,FW, MF, DF,comfortable
푸마 퓨처 7 얼티메이트 MG ,289000,149000,"인조가죽, 합성가죽, 니트","천연잔디, 인조잔디, 맨땅",4.0,2.0,206,https://www.crazy11.co.kr/shopimages/winv007/001006000953.jpg?1740624451,https://www.crazy11.co.kr/shop/shopdetail.html?branduid=807004&xcode=257&mcode=004&scode=002&type=Y&sort=order&cur_code=257&search=&GfDT=bm94W1w%3D,퓨처,PUMA,future,퓨처,FW, MF, DF,comfortable
푸마 퓨처 7 프로 FGAG,179000,125000,"합성가죽, 니트","천연잔디, 인조잔디",4.0,3.0,234,https://www.crazy11.co.kr/shopimages/winv007/001006001009.jpg?1740624376,https://www.crazy11.co.kr/shop/shopdetail.html?branduid=808651&xcode=257&mcode=004&scode=007&type=Y&sort=order&cur_code=257&search=&GfDT=bmx0W15C,퓨처,PUMA,future,퓨처,FW, MF, DF,comfortable
푸마 퓨처 7 프로 FGAG ,179000,109000,"합성가죽, 니트","천연잔디, 인조잔디",4.0,3.0,234,https://www.crazy11.co.kr/shopimages/winv007/001006000984.jpg?1740624412,https://www.crazy11.co.kr/shop/shopdetail.html?branduid=807969&xcode=257&mcode=004&scode=007&type=Y&sort=order&cur_code=257&search=&GfDT=amx3UFo%3D,퓨처,PUMA,future,퓨처,FW, MF, DF,comfortable
푸마 퓨처 7 프로 플러스 FGAG ,269000,149000,"인조가죽, 합성가죽, 니트","천연잔디, 인조잔디",4.0,4.0,237,https://www.crazy11.co.kr/shopimages/winv007/001006000954.jpg?1740624451,https://www.crazy11.co.kr/shop/shopdetail.html?branduid=807005&xcode=257&mcode=004&scode=007&type=Y&sort=order&cur_code=257&search=&GfDT=aWl3Ul8%3D,퓨처,PUMA,future,퓨처,FW, MF, DF,comfortable
푸마 퓨처 얼티메이트 FGAG ,289000,119000,"인조가죽, 합성가죽, 니트","천연잔디, 인조잔디",5.0,3.0,217,https://www.crazy11.co.kr/shopimages/winv007/001006000903.jpg?1740624502,https://www.crazy11.co.kr/shop/shopdetail.html?branduid=805288&xcode=257&mcode=004&scode=007&type=Y&sort=order&cur_code=257&search=&GfDT=bmt%2FW11E,퓨처,PUMA,future,퓨처,FW, MF, DF,comfortable
푸마 퓨처 얼티메이트 MG ,289000,159000,"인조가죽, 합성가죽, 니트","천연잔디, 인조잔디, 맨땅",5.0,3.0,219,https://www.crazy11.co.kr/shopimages/winv007/001006000902.jpg?1740624501,https://www.crazy11.co.kr/shop/shopdetail.html?branduid=805287&xcode=257&mcode=004&scode=007&type=Y&sort=order&cur_code=257&search=&GfDT=bWl3U1s%3D,퓨처,PUMA,future,퓨처,FW, MF, DF,comfortable
푸마 퓨처 얼티메이트 로우 FGAG ,279000,139000,"인조가죽, 합성가죽, 니트","천연잔디, 인조잔디",5.0,3.0,211,https://www.crazy11.co.kr/shopimages/winv007/001006000901.jpg?1740624501,https://www.crazy11.co.kr/shop/shopdetail.html?branduid=805286&xcode=257&mcode=004&scode=007&type=Y&sort=order&cur_code=257&search=&GfDT=bGp3UFs%3D,퓨처,PUMA,future,퓨처,FW, MF, DF,comfortable
